{"cameraMode":{"drawMode":0,"name":"Shaded","section":"Shading Mode"},"sceneLighting":true,"audioPlay":false,"sceneViewState":{"showFog":true,"showMaterialUpdate":false,"showSkybox":true,"showFlares":true,"showImageEffects":true,"showParticleSystems":true},"in2DMode":false,"pivot":{"x":-23.16944122314453,"y":5.132554531097412,"z":-1.3783715963363648},"rotation":{"x":0.25321489572525027,"y":0.5712779760360718,"z":-0.19109849631786347,"w":0.7569712400436401},"size":0.5410448312759399,"orthographic":false}