{"cameraMode":{"drawMode":0,"name":"Shaded","section":"Shading Mode"},"sceneLighting":false,"audioPlay":false,"sceneViewState":{"showFog":false,"showMaterialUpdate":false,"showSkybox":false,"showFlares":false,"showImageEffects":false,"showParticleSystems":false},"in2DMode":false,"pivot":{"x":-0.6894717216491699,"y":5.099730968475342,"z":0.3111254572868347},"rotation":{"x":-0.04287423565983772,"y":0.6787218451499939,"z":0.03975088149309158,"w":0.7320694923400879},"size":2.2266359329223635,"orthographic":false}