{"cameraMode":{"drawMode":0,"name":"Shaded","section":"Shading Mode"},"sceneLighting":false,"audioPlay":false,"sceneViewState":{"showFog":false,"showMaterialUpdate":false,"showSkybox":false,"showFlares":false,"showImageEffects":false,"showParticleSystems":false},"in2DMode":false,"pivot":{"x":-0.4079742431640625,"y":-4.908138275146484,"z":-0.8337669372558594},"rotation":{"x":0.20725859701633454,"y":0.6298768520355225,"z":-0.17918284237384797,"w":0.726879358291626},"size":19.529016494750978,"orthographic":false}