{"cameraMode":{"drawMode":0,"name":"Shaded","section":"Shading Mode"},"sceneLighting":false,"audioPlay":false,"sceneViewState":{"showFog":false,"showMaterialUpdate":false,"showSkybox":false,"showFlares":false,"showImageEffects":false,"showParticleSystems":false},"in2DMode":false,"pivot":{"x":0.9754152297973633,"y":6.560249328613281,"z":-2.7280263900756838},"rotation":{"x":0.04579322040081024,"y":0.7579784393310547,"z":-0.05352656915783882,"w":0.6484708786010742},"size":5.2477569580078129,"orthographic":false}