{"cameraMode":{"drawMode":0,"name":"Shaded","section":"Shading Mode"},"sceneLighting":true,"audioPlay":false,"sceneViewState":{"showFog":false,"showMaterialUpdate":false,"showSkybox":false,"showFlares":false,"showImageEffects":false,"showParticleSystems":false},"in2DMode":false,"pivot":{"x":-95.44091033935547,"y":6.355827331542969,"z":84.46082305908203},"rotation":{"x":0.21449542045593263,"y":0.7135870456695557,"z":-0.24705377221107484,"w":0.6194924116134644},"size":1.633985996246338,"orthographic":false}