{"cameraMode":{"drawMode":0,"name":"Shaded","section":"Shading Mode"},"sceneLighting":false,"audioPlay":false,"sceneViewState":{"showFog":false,"showMaterialUpdate":false,"showSkybox":false,"showFlares":false,"showImageEffects":false,"showParticleSystems":false},"in2DMode":false,"pivot":{"x":0.14473359286785127,"y":5.008891582489014,"z":-0.3616948127746582},"rotation":{"x":0.0007944402750581503,"y":0.999190092086792,"z":-0.031485263258218768,"w":0.025178827345371248},"size":2.931060314178467,"orthographic":false}