{"cameraMode":{"drawMode":0,"name":"Shaded","section":"Shading Mode"},"sceneLighting":false,"audioPlay":false,"sceneViewState":{"showFog":false,"showMaterialUpdate":false,"showSkybox":false,"showFlares":false,"showImageEffects":false,"showParticleSystems":false},"in2DMode":false,"pivot":{"x":1.1350549459457398,"y":3.168412446975708,"z":0.03151226043701172},"rotation":{"x":0.0818941667675972,"y":0.11099175363779068,"z":-0.009179070591926575,"w":0.9904017448425293},"size":2.415602207183838,"orthographic":false}