{"cameraMode":{"drawMode":0,"name":"Shaded","section":"Shading Mode"},"sceneLighting":false,"audioPlay":false,"sceneViewState":{"showFog":true,"showMaterialUpdate":false,"showSkybox":true,"showFlares":true,"showImageEffects":true,"showParticleSystems":true},"in2DMode":false,"pivot":{"x":-89.5895767211914,"y":32.4550895690918,"z":-2.7005300521850588},"rotation":{"x":0.1310463398694992,"y":0.001183668035082519,"z":0.000019758355847443454,"w":0.9915531873703003},"size":4.342014312744141,"orthographic":false}