{"cameraMode":{"drawMode":0,"name":"Shaded","section":"Shading Mode"},"sceneLighting":false,"audioPlay":false,"sceneViewState":{"showFog":true,"showMaterialUpdate":false,"showSkybox":true,"showFlares":true,"showImageEffects":true,"showParticleSystems":true},"in2DMode":false,"pivot":{"x":-21.43206787109375,"y":18.97133445739746,"z":9.358766555786133},"rotation":{"x":0.17843091487884522,"y":-0.42108654975891116,"z":0.08487679809331894,"w":0.8852393627166748},"size":10.440169334411621,"orthographic":false}