{"cameraMode":{"drawMode":0,"name":"Shaded","section":"Shading Mode"},"sceneLighting":false,"audioPlay":false,"sceneViewState":{"showFog":true,"showMaterialUpdate":false,"showSkybox":true,"showFlares":true,"showImageEffects":true,"showParticleSystems":true},"in2DMode":false,"pivot":{"x":-45.26387405395508,"y":28.855600357055665,"z":29.75225257873535},"rotation":{"x":0.2025471180677414,"y":0.43237239122390749,"z":-0.10032114386558533,"w":0.8729115128517151},"size":2.10375714302063,"orthographic":false}