{"cameraMode":{"drawMode":0,"name":"Shaded","section":"Shading Mode"},"sceneLighting":false,"audioPlay":false,"sceneViewState":{"showFog":true,"showMaterialUpdate":false,"showSkybox":true,"showFlares":true,"showImageEffects":true,"showParticleSystems":true},"in2DMode":false,"pivot":{"x":-15.116998672485352,"y":38.75617218017578,"z":24.389179229736329},"rotation":{"x":0.10886131972074509,"y":-0.7939227819442749,"z":0.14877688884735108,"w":0.5795160531997681},"size":9.78545093536377,"orthographic":false}