{"cameraMode":{"drawMode":0,"name":"Shaded","section":"Shading Mode"},"sceneLighting":false,"audioPlay":false,"sceneViewState":{"showFog":true,"showMaterialUpdate":false,"showSkybox":true,"showFlares":true,"showImageEffects":true,"showParticleSystems":true},"in2DMode":false,"pivot":{"x":-29.262025833129884,"y":22.193763732910158,"z":34.6793212890625},"rotation":{"x":0.31946203112602236,"y":0.08488722890615463,"z":-0.027828654274344446,"w":0.9435075521469116},"size":2.680478811264038,"orthographic":false}