{"cameraMode":{"drawMode":0,"name":"Shaded","section":"Shading Mode"},"sceneLighting":false,"audioPlay":false,"sceneViewState":{"showFog":true,"showMaterialUpdate":false,"showSkybox":true,"showFlares":true,"showImageEffects":true,"showParticleSystems":true},"in2DMode":false,"pivot":{"x":-23.586814880371095,"y":18.561540603637697,"z":-1.0519652366638184},"rotation":{"x":-0.02295859344303608,"y":0.7043948769569397,"z":-0.022853102535009385,"w":-0.7090870141983032},"size":6.92779541015625,"orthographic":false}