{"cameraMode":{"drawMode":0,"name":"Shaded","section":"Shading Mode"},"sceneLighting":false,"audioPlay":false,"sceneViewState":{"showFog":true,"showMaterialUpdate":false,"showSkybox":true,"showFlares":true,"showImageEffects":true,"showParticleSystems":true},"in2DMode":false,"pivot":{"x":-11.718995094299317,"y":27.69025993347168,"z":-20.64659881591797},"rotation":{"x":0.25653085112571719,"y":-0.10496179014444351,"z":0.02821059711277485,"w":0.9605162143707275},"size":22.891521453857423,"orthographic":false}