{"cameraMode":{"drawMode":0,"name":"Shaded","section":"Shading Mode"},"sceneLighting":false,"audioPlay":false,"sceneViewState":{"showFog":true,"showMaterialUpdate":false,"showSkybox":true,"showFlares":true,"showImageEffects":true,"showParticleSystems":true},"in2DMode":false,"pivot":{"x":0.9550321102142334,"y":4.458820343017578,"z":-29.85751724243164},"rotation":{"x":-0.22979435324668885,"y":0.569672703742981,"z":-0.16987961530685426,"w":-0.7705900073051453},"size":2.337087869644165,"orthographic":false}