{"cameraMode":{"drawMode":0,"name":"Shaded","section":"Shading Mode"},"sceneLighting":false,"audioPlay":false,"sceneViewState":{"showFog":true,"showMaterialUpdate":false,"showSkybox":true,"showFlares":true,"showImageEffects":true,"showParticleSystems":true},"in2DMode":false,"pivot":{"x":9.58062744140625,"y":0.35437774658203127,"z":8.743043899536133},"rotation":{"x":-0.36570340394973757,"y":-0.49285608530044558,"z":0.2394794523715973,"w":-0.7523765563964844},"size":13.134662628173829,"orthographic":false}