{"cameraMode":{"drawMode":0,"name":"Shaded","section":"Shading Mode"},"sceneLighting":false,"audioPlay":false,"sceneViewState":{"showFog":true,"showMaterialUpdate":false,"showSkybox":true,"showFlares":true,"showImageEffects":true,"showParticleSystems":true},"in2DMode":false,"pivot":{"x":-140.48638916015626,"y":10.675527572631836,"z":-49.33506774902344},"rotation":{"x":-0.01961939036846161,"y":0.9703394174575806,"z":-0.2260652482509613,"w":-0.08399773389101029},"size":9.220606803894043,"orthographic":false}