{"cameraMode":{"drawMode":0,"name":"Shaded","section":"Shading Mode"},"sceneLighting":false,"audioPlay":false,"sceneViewState":{"showFog":true,"showMaterialUpdate":false,"showSkybox":true,"showFlares":true,"showImageEffects":true,"showParticleSystems":true},"in2DMode":false,"pivot":{"x":17.362512588500978,"y":66.62652587890625,"z":4.805413246154785},"rotation":{"x":0.2873089015483856,"y":0.6669652462005615,"z":-0.3131082355976105,"w":0.6120601892471314},"size":5.8544135093688969,"orthographic":false}