{"cameraMode":{"drawMode":0,"name":"Shaded","section":"Shading Mode"},"sceneLighting":false,"audioPlay":false,"sceneViewState":{"showFog":true,"showMaterialUpdate":false,"showSkybox":true,"showFlares":true,"showImageEffects":true,"showParticleSystems":true},"in2DMode":false,"pivot":{"x":22.736316680908204,"y":49.90675735473633,"z":11.587898254394532},"rotation":{"x":0.27060046792030337,"y":-0.056542377918958667,"z":0.015967965126037599,"w":0.9609229564666748},"size":29.73503303527832,"orthographic":false}