{"cameraMode":{"drawMode":0,"name":"Shaded","section":"Shading Mode"},"sceneLighting":false,"audioPlay":false,"sceneViewState":{"showFog":false,"showMaterialUpdate":false,"showSkybox":false,"showFlares":false,"showImageEffects":false,"showParticleSystems":false},"in2DMode":false,"pivot":{"x":-134.16136169433595,"y":-7.170942306518555,"z":-34.710601806640628},"rotation":{"x":0.4037545919418335,"y":-0.4473228454589844,"z":0.23755455017089845,"w":0.761972963809967},"size":15.822196006774903,"orthographic":false}