{"cameraMode":{"drawMode":0,"name":"Shaded","section":"Shading Mode"},"sceneLighting":false,"audioPlay":false,"sceneViewState":{"showFog":false,"showMaterialUpdate":false,"showSkybox":false,"showFlares":false,"showImageEffects":false,"showParticleSystems":false},"in2DMode":false,"pivot":{"x":-1.7762668132781983,"y":0.5039806365966797,"z":-1.1626306772232056},"rotation":{"x":-0.15871676802635194,"y":0.6978002190589905,"z":-0.1629854291677475,"w":-0.6792511940002441},"size":2.1152853965759279,"orthographic":false}