{"cameraMode":{"drawMode":0,"name":"Shaded","section":"Shading Mode"},"sceneLighting":false,"audioPlay":false,"sceneViewState":{"showFog":false,"showMaterialUpdate":false,"showSkybox":false,"showFlares":false,"showImageEffects":false,"showParticleSystems":false},"in2DMode":false,"pivot":{"x":-0.33725881576538088,"y":3.2966785430908205,"z":0.826296329498291},"rotation":{"x":-0.30059391260147097,"y":-0.26133090257644656,"z":0.08610396832227707,"w":-0.9132602214813232},"size":4.790946960449219,"orthographic":false}