{"cameraMode":{"drawMode":0,"name":"Shaded","section":"Shading Mode"},"sceneLighting":false,"audioPlay":false,"sceneViewState":{"showFog":false,"showMaterialUpdate":false,"showSkybox":false,"showFlares":false,"showImageEffects":false,"showParticleSystems":false},"in2DMode":false,"pivot":{"x":-1.4901161193847657e-8,"y":0.49299728870391848,"z":0.0},"rotation":{"x":-0.15871676802635194,"y":0.6978002190589905,"z":-0.1629854291677475,"w":-0.6792511940002441},"size":0.9152855277061462,"orthographic":false}