{"cameraMode":{"drawMode":0,"name":"Shaded","section":"Shading Mode"},"sceneLighting":false,"audioPlay":false,"sceneViewState":{"showFog":false,"showMaterialUpdate":false,"showSkybox":false,"showFlares":false,"showImageEffects":false,"showParticleSystems":false},"in2DMode":false,"pivot":{"x":-0.4840628504753113,"y":1.6668596267700196,"z":0.30274486541748049},"rotation":{"x":0.35047227144241335,"y":-0.1708497703075409,"z":0.06518834084272385,"w":0.9185500144958496},"size":1.8528480529785157,"orthographic":false}